sample_id,specimen,date,week,campaign,series,week_bin,batch_id
S3PA04-20220714-8W,S3PA04,2022-07-14,8,1,S3,mid,59
S1MI07-20220708-7W,S1MI07,2022-07-08,7,1,S1,mid,24
S2SA05-20220603-2W,S2SA05,2022-06-03,2,1,S2,early,24
S2SA05-20220802-10W,S2SA05,2022-08-02,10,1,S2,mid,23
E01-20240626-24W,E01,2024-06-26,24,2,E,late,27
D04-20240522-19W,D04,2024-05-22,19,2,D,late,26
F04-20240619-23W,F04,2024-06-19,23,2,F,late,25
S1MI06-20220721-9W,S1MI06,2022-07-21,9,1,S1,mid,22
E02-20240619-23W,E02,2024-06-19,23,2,E,late,24
S2SA04-20220630-6W,S2SA04,2022-06-30,6,1,S2,early,22
E06-20240405-12W,E06,2024-04-05,12,2,E,mid,26
F01-20240207-4W,F01,2024-02-07,4,2,F,early,27
F01-20240807-30W,F01,2024-08-07,30,2,F,very_late,26
D04-20240626-24W,D04,2024-06-26,24,2,D,late,23
E06-20240807-30W,E06,2024-08-07,30,2,E,very_late,25
S5VF01-20220714-8W,S5VF01,2022-07-14,8,1,S5,mid,44
F02-20240124-2W,F02,2024-01-24,2,2,F,early,23
E01-20240529-20W,E01,2024-05-29,20,2,E,late,22
S4SAVF01-20220802-10W,S4SAVF01,2022-08-02,10,1,S4,mid,43
S1MI07-20220518-0W,S1MI07,2022-05-18,0,1,S1,early,21
G05-20240807-30W,G05,2024-08-07,30,2,G,very_late,27
E05-20240902-33W,E05,2024-09-02,33,2,E,very_late,23
G04-20240320-10W,G04,2024-03-20,10,2,G,mid,25
S1MI02-20220802-10W,S1MI02,2022-08-02,10,1,S1,mid,20
F05-20240626-24W,F05,2024-06-26,24,2,F,late,21
D02-20240626-24W,D02,2024-06-26,24,2,D,late,20
S1MI01-20220518-0W,S1MI01,2022-05-18,0,1,S1,early,19
G01-20240207-4W,G01,2024-02-07,4,2,G,early,26
G04-20240207-4W,G04,2024-02-07,4,2,G,early,20
S4SAVF03-20220721-9W,S4SAVF03,2022-07-21,9,1,S4,mid,42
S2SA02-20220518-0W,S2SA02,2022-05-18,0,1,S2,early,18
E06-20240918-36W,E06,2024-09-18,36,2,E,very_late,21
S1MI06-20220708-7W,S1MI06,2022-07-08,7,1,S1,mid,18
S3PA01-20220721-9W,S3PA01,2022-07-21,9,1,S3,mid,58
D03-20240221-6W,D03,2024-02-21,6,2,D,early,25
D02-20240320-10W,D02,2024-03-20,10,2,D,mid,27
F03-20240207-4W,F03,2024-02-07,4,2,F,early,17
S2SA06-20220802-10W,S2SA06,2022-08-02,10,1,S2,mid,21
F05-20240724-28W,F05,2024-07-24,28,2,F,very_late,24
S1MI02-20220708-7W,S1MI02,2022-07-08,7,1,S1,mid,17
G05-20240207-4W,G05,2024-02-07,4,2,G,early,16
S2SA01-20220623-5W,S2SA01,2022-06-23,5,1,S2,early,15
G05-20240110-0W,G05,2024-01-10,0,2,G,early,14
S2SA04-20221206-28W,S2SA04,2022-12-06,28,1,S2,very_late,20
S3PA01-20220802-10W,S3PA01,2022-08-02,10,1,S3,mid,57
S1MI06-20221206-28W,S1MI06,2022-12-06,28,1,S1,very_late,16
E06-20240110-0W,E06,2024-01-10,0,2,E,early,13
S1MI04-20220630-6W,S1MI04,2022-06-30,6,1,S1,early,12
S4SAVF02-20220708-7W,S4SAVF02,2022-07-08,7,1,S4,mid,41
S1MI02-20220616-4W,S1MI02,2022-06-16,4,1,S1,early,11
G01-20240529-20W,G01,2024-05-29,20,2,G,late,19
S1MI04-20220623-5W,S1MI04,2022-06-23,5,1,S1,early,10
S3PA02-20220603-2W,S3PA02,2022-06-03,2,1,S3,early,56
D05-20240724-28W,D05,2024-07-24,28,2,D,very_late,22
G01-20240320-10W,G01,2024-03-20,10,2,G,mid,15
G03-20240110-0W,G03,2024-01-10,0,2,G,early,9
S2SA06-20220906-15W,S2SA06,2022-09-06,15,1,S2,mid,19
F02-20240320-10W,F02,2024-03-20,10,2,F,mid,16
S3PA02-20220609-3W,S3PA02,2022-06-09,3,1,S3,early,55
G04-20240807-30W,G04,2024-08-07,30,2,G,very_late,18
S1MI07-20220714-8W,S1MI07,2022-07-14,8,1,S1,mid,14
S1MI07-20220603-2W,S1MI07,2022-06-03,2,1,S1,early,8
D04-20240710-26W,D04,2024-07-10,26,2,D,late,18
D05-20240405-12W,D05,2024-04-05,12,2,D,mid,13
S5VF01-20220603-2W,S5VF01,2022-06-03,2,1,S5,early,43
D03-20240710-26W,D03,2024-07-10,26,2,D,late,17
S1MI02-20220603-2W,S1MI02,2022-06-03,2,1,S1,early,7
E03-20240619-23W,E03,2024-06-19,23,2,E,late,16
S5VF03-20220822-13W,S5VF03,2022-08-22,13,1,S5,mid,40
S5VF03-20220906-15W,S5VF03,2022-09-06,15,1,S5,mid,39
G02-20240306-8W,G02,2024-03-06,8,2,G,mid,12
D02-20240807-30W,D02,2024-08-07,30,2,D,very_late,19
D02-20240710-26W,D02,2024-07-10,26,2,D,late,15
S3PA01-20220708-7W,S3PA01,2022-07-08,7,1,S3,mid,54
G02-20240807-30W,G02,2024-08-07,30,2,G,very_late,17
F06-20240710-26W,F06,2024-07-10,26,2,F,late,14
S2SA04-20220616-4W,S2SA04,2022-06-16,4,1,S2,early,6
G06-20240405-12W,G06,2024-04-05,12,2,G,mid,11
D06-20240405-12W,D06,2024-04-05,12,2,D,mid,10
D05-20240110-0W,D05,2024-01-10,0,2,D,early,5
D05-20240320-10W,D05,2024-03-20,10,2,D,mid,9
S3PA02-20220630-6W,S3PA02,2022-06-30,6,1,S3,early,53
F03-20240724-28W,F03,2024-07-24,28,2,F,very_late,15
F03-20240508-17W,F03,2024-05-08,17,2,F,late,13
S4SAVF02-20221102-24W,S4SAVF02,2022-11-02,24,1,S4,late,31
S5VF03-20220603-2W,S5VF03,2022-06-03,2,1,S5,early,42
G01-20240508-17W,G01,2024-05-08,17,2,G,late,10
S3PA01-20220603-2W,S3PA01,2022-06-03,2,1,S3,early,52
E06-20240124-2W,E06,2024-01-24,2,2,E,early,4
S1MI03-20220906-15W,S1MI03,2022-09-06,15,1,S1,mid,6
S2SA06-20220822-13W,S2SA06,2022-08-22,13,1,S2,mid,8
S2SA05-20220714-8W,S2SA05,2022-07-14,8,1,S2,mid,7
S2SA07-20220721-9W,S2SA07,2022-07-21,9,1,S2,mid,5
S4SAVF03-20220603-2W,S4SAVF03,2022-06-03,2,1,S4,early,44
D04-20240110-0W,D04,2024-01-10,0,2,D,early,3
S4SAVF03-20220822-13W,S4SAVF03,2022-08-22,13,1,S4,mid,38
E06-20240619-23W,E06,2024-06-19,23,2,E,late,12
D06-20240417-14W,D06,2024-04-17,14,2,D,mid,4
S3PA04-20220603-2W,S3PA04,2022-06-03,2,1,S3,early,51
D05-20240306-8W,D05,2024-03-06,8,2,D,mid,2
E01-20240124-2W,E01,2024-01-24,2,2,E,early,2
E06-20240710-26W,E06,2024-07-10,26,2,E,late,11
S5VF01-20220802-10W,S5VF01,2022-08-02,10,1,S5,mid,37
S2SA04-20220518-0W,S2SA04,2022-05-18,0,1,S2,early,1
S5VF03-20220630-6W,S5VF03,2022-06-30,6,1,S5,early,41
G06-20240221-6W,G06,2024-02-21,6,2,G,early,80
S1MI01-20221102-24W,S1MI01,2022-11-02,24,1,S1,late,9
D05-20240626-24W,D05,2024-06-26,24,2,D,late,8
D01-20240529-20W,D01,2024-05-29,20,2,D,late,7
F04-20240807-30W,F04,2024-08-07,30,2,F,very_late,12
G06-20240619-23W,G06,2024-06-19,23,2,G,late,6
S2SA01-20220609-3W,S2SA01,2022-06-09,3,1,S2,early,79
S4SAVF01-20220822-13W,S4SAVF01,2022-08-22,13,1,S4,mid,36
S1MI06-20220906-15W,S1MI06,2022-09-06,15,1,S1,mid,3
E06-20240529-20W,E06,2024-05-29,20,2,E,late,5
S2SA04-20220802-10W,S2SA04,2022-08-02,10,1,S2,mid,80
G01-20240619-23W,G01,2024-06-19,23,2,G,late,4
D02-20240619-23W,D02,2024-06-19,23,2,D,late,1
E04-20240405-12W,E04,2024-04-05,12,2,E,mid,1
S2SA07-20220714-8W,S2SA07,2022-07-14,8,1,S2,mid,78
D04-20240619-23W,D04,2024-06-19,23,2,D,late,80
F02-20240710-26W,F02,2024-07-10,26,2,F,late,3
S5VF01-20221102-24W,S5VF01,2022-11-02,24,1,S5,late,30
F02-20240902-33W,F02,2024-09-02,33,2,F,very_late,11
F05-20240221-6W,F05,2024-02-21,6,2,F,early,78
D05-20240522-19W,D05,2024-05-22,19,2,D,late,29
S1MI05-20220616-4W,S1MI05,2022-06-16,4,1,S1,early,77
S1MI04-20220603-2W,S1MI04,2022-06-03,2,1,S1,early,76
S4SAVF03-20220708-7W,S4SAVF03,2022-07-08,7,1,S4,mid,35
S1MI05-20220630-6W,S1MI05,2022-06-30,6,1,S1,early,75
S3PA03-20220708-7W,S3PA03,2022-07-08,7,1,S3,mid,50
S5VF02-20220822-13W,S5VF02,2022-08-22,13,1,S5,mid,34
S2SA07-20220906-15W,S2SA07,2022-09-06,15,1,S2,mid,77
S4SAVF01-20221110-25W,S4SAVF01,2022-11-10,25,1,S4,late,28
F03-20240626-24W,F03,2024-06-26,24,2,F,late,2
S1MI05-20220802-10W,S1MI05,2022-08-02,10,1,S1,mid,79
E06-20240626-24W,E06,2024-06-26,24,2,E,late,20
D01-20240417-14W,D01,2024-04-17,14,2,D,mid,76
F06-20240221-6W,F06,2024-02-21,6,2,F,early,74
D06-20240619-23W,D06,2024-06-19,23,2,D,late,24
S1MI05-20220603-2W,S1MI05,2022-06-03,2,1,S1,early,73
G01-20240522-19W,G01,2024-05-22,19,2,G,late,23
S2SA03-20220623-5W,S2SA03,2022-06-23,5,1,S2,early,72
S3PA01-20221102-24W,S3PA01,2022-11-02,24,1,S3,late,49
D01-20240207-4W,D01,2024-02-07,4,2,D,early,71
S3PA04-20220822-13W,S3PA04,2022-08-22,13,1,S3,mid,48
G05-20240522-19W,G05,2024-05-22,19,2,G,late,22
E04-20240626-24W,E04,2024-06-26,24,2,E,late,19
G01-20240724-28W,G01,2024-07-24,28,2,G,very_late,13
S4SAVF02-20220906-15W,S4SAVF02,2022-09-06,15,1,S4,mid,33
S4SAVF03-20220623-5W,S4SAVF03,2022-06-23,5,1,S4,early,40
S1MI07-20220802-10W,S1MI07,2022-08-02,10,1,S1,mid,74
S4SAVF01-20220906-15W,S4SAVF01,2022-09-06,15,1,S4,mid,32
S2SA05-20220609-3W,S2SA05,2022-06-09,3,1,S2,early,70
S1MI01-20220603-2W,S1MI01,2022-06-03,2,1,S1,early,69
S1MI03-20220630-6W,S1MI03,2022-06-30,6,1,S1,early,68
G03-20240124-2W,G03,2024-01-24,2,2,G,early,67
D05-20240417-14W,D05,2024-04-17,14,2,D,mid,75
E03-20240306-8W,E03,2024-03-06,8,2,E,mid,73
G02-20240110-0W,G02,2024-01-10,0,2,G,early,66
F02-20240529-20W,F02,2024-05-29,20,2,F,late,18
F06-20240508-17W,F06,2024-05-08,17,2,F,late,10
S4SAVF02-20220822-13W,S4SAVF02,2022-08-22,13,1,S4,mid,30
S3PA04-20220623-5W,S3PA04,2022-06-23,5,1,S3,early,47
E02-20240417-14W,E02,2024-04-17,14,2,E,mid,72
S4SAVF01-20220630-6W,S4SAVF01,2022-06-30,6,1,S4,early,39
S2SA06-20221102-24W,S2SA06,2022-11-02,24,1,S2,late,17
S3PA04-20220518-0W,S3PA04,2022-05-18,0,1,S3,early,46
D04-20240124-2W,D04,2024-01-24,2,2,D,early,65
S3PA02-20220906-15W,S3PA02,2022-09-06,15,1,S3,mid,45
S2SA05-20220708-7W,S2SA05,2022-07-08,7,1,S2,mid,71
G03-20240918-36W,G03,2024-09-18,36,2,G,very_late,8
S2SA01-20221206-28W,S2SA01,2022-12-06,28,1,S2,very_late,14
S4SAVF02-20221110-25W,S4SAVF02,2022-11-10,25,1,S4,late,37
S1MI06-20220822-13W,S1MI06,2022-08-22,13,1,S1,mid,70
F05-20240207-4W,F05,2024-02-07,4,2,F,early,64
G06-20240724-28W,G06,2024-07-24,28,2,G,very_late,7
D04-20240405-12W,D04,2024-04-05,12,2,D,mid,69
S2SA03-20220630-6W,S2SA03,2022-06-30,6,1,S2,early,63
G03-20240508-17W,G03,2024-05-08,17,2,G,late,21
S2SA04-20220721-9W,S2SA04,2022-07-21,9,1,S2,mid,68
F03-20240710-26W,F03,2024-07-10,26,2,F,late,9
S1MI01-20220609-3W,S1MI01,2022-06-09,3,1,S1,early,62
G03-20240207-4W,G03,2024-02-07,4,2,G,early,61
G03-20240320-10W,G03,2024-03-20,10,2,G,mid,65
E05-20240626-24W,E05,2024-06-26,24,2,E,late,15
F05-20240306-8W,F05,2024-03-06,8,2,F,mid,67
D06-20240110-0W,D06,2024-01-10,0,2,D,early,60
S2SA06-20220708-7W,S2SA06,2022-07-08,7,1,S2,mid,66
E05-20240124-2W,E05,2024-01-24,2,2,E,early,59
S1MI07-20220630-6W,S1MI07,2022-06-30,6,1,S1,early,58
G02-20240724-28W,G02,2024-07-24,28,2,G,very_late,5
F05-20240405-12W,F05,2024-04-05,12,2,F,mid,63
E03-20240724-28W,E03,2024-07-24,28,2,E,very_late,10
D04-20240807-30W,D04,2024-08-07,30,2,D,very_late,6
G04-20240902-33W,G04,2024-09-02,33,2,G,very_late,3
E02-20240320-10W,E02,2024-03-20,10,2,E,mid,64
D03-20240508-17W,D03,2024-05-08,17,2,D,late,16
D04-20240902-33W,D04,2024-09-02,33,2,D,very_late,39
G02-20240207-4W,G02,2024-02-07,4,2,G,early,57
S2SA07-20220630-6W,S2SA07,2022-06-30,6,1,S2,early,54
F06-20240110-0W,F06,2024-01-10,0,2,F,early,50
G01-20240902-33W,G01,2024-09-02,33,2,G,very_late,2
E02-20240522-19W,E02,2024-05-22,19,2,E,late,14
S5VF01-20220708-7W,S5VF01,2022-07-08,7,1,S5,mid,31
E04-20240221-6W,E04,2024-02-21,6,2,E,early,49
E04-20240207-4W,E04,2024-02-07,4,2,E,early,48
D02-20240529-20W,D02,2024-05-29,20,2,D,late,12
S3PA02-20220802-10W,S3PA02,2022-08-02,10,1,S3,mid,29
E05-20240710-26W,E05,2024-07-10,26,2,E,late,8
S2SA07-20220616-4W,S2SA07,2022-06-16,4,1,S2,early,45
S1MI06-20220802-10W,S1MI06,2022-08-02,10,1,S1,mid,61
S1MI01-20220623-5W,S1MI01,2022-06-23,5,1,S1,early,38
E02-20240529-20W,E02,2024-05-29,20,2,E,late,7
S2SA05-20221206-28W,S2SA05,2022-12-06,28,1,S2,very_late,9
S1MI01-20220822-13W,S1MI01,2022-08-22,13,1,S1,mid,60
E02-20240724-28W,E02,2024-07-24,28,2,E,very_late,80
S1MI03-20220616-4W,S1MI03,2022-06-16,4,1,S1,early,37
D01-20240405-12W,D01,2024-04-05,12,2,D,mid,62
G04-20240221-6W,G04,2024-02-21,6,2,G,early,36
F02-20240110-0W,F02,2024-01-10,0,2,F,early,35
D05-20240124-2W,D05,2024-01-24,2,2,D,early,34
S2SA07-20220802-10W,S2SA07,2022-08-02,10,1,S2,mid,56
F03-20240417-14W,F03,2024-04-17,14,2,F,mid,55
E03-20240124-2W,E03,2024-01-24,2,2,E,early,33
G06-20240522-19W,G06,2024-05-22,19,2,G,late,1
F01-20240306-8W,F01,2024-03-06,8,2,F,mid,53
F05-20240508-17W,F05,2024-05-08,17,2,F,late,6
F06-20240320-10W,F06,2024-03-20,10,2,F,mid,52
E02-20240405-12W,E02,2024-04-05,12,2,E,mid,51
G03-20240417-14W,G03,2024-04-17,14,2,G,mid,49
S5VF01-20220616-4W,S5VF01,2022-06-16,4,1,S5,early,32
G06-20240807-30W,G06,2024-08-07,30,2,G,very_late,38
S4SAVF03-20220802-10W,S4SAVF03,2022-08-02,10,1,S4,mid,47
S3PA03-20220906-15W,S3PA03,2022-09-06,15,1,S3,mid,28
D03-20240320-10W,D03,2024-03-20,10,2,D,mid,46
S1MI04-20220822-13W,S1MI04,2022-08-22,13,1,S1,mid,23
E01-20240110-0W,E01,2024-01-10,0,2,E,early,31
S1MI07-20221206-28W,S1MI07,2022-12-06,28,1,S1,very_late,4
D04-20240207-4W,D04,2024-02-07,4,2,D,early,30
F05-20240619-23W,F05,2024-06-19,23,2,F,late,5
F04-20240320-10W,F04,2024-03-20,10,2,F,mid,22
S2SA03-20220802-10W,S2SA03,2022-08-02,10,1,S2,mid,16
F01-20240619-23W,F01,2024-06-19,23,2,F,late,4
E06-20240724-28W,E06,2024-07-24,28,2,E,very_late,37
S2SA04-20220714-8W,S2SA04,2022-07-14,8,1,S2,mid,13
S1MI01-20220721-9W,S1MI01,2022-07-21,9,1,S1,mid,15
D02-20240405-12W,D02,2024-04-05,12,2,D,mid,21
E02-20240710-26W,E02,2024-07-10,26,2,E,late,3
S3PA02-20220822-13W,S3PA02,2022-08-22,13,1,S3,mid,44
S3PA04-20220708-7W,S3PA04,2022-07-08,7,1,S3,mid,43
S2SA06-20220630-6W,S2SA06,2022-06-30,6,1,S2,early,29
G02-20240529-20W,G02,2024-05-29,20,2,G,late,79
E01-20240207-4W,E01,2024-02-07,4,2,E,early,28
F06-20240918-36W,F06,2024-09-18,36,2,F,very_late,1
D05-20240529-20W,D05,2024-05-29,20,2,D,late,11
D03-20240807-30W,D03,2024-08-07,30,2,D,very_late,36
G01-20240306-8W,G01,2024-03-06,8,2,G,mid,24
S4SAVF02-20220721-9W,S4SAVF02,2022-07-21,9,1,S4,mid,34
G02-20240508-17W,G02,2024-05-08,17,2,G,late,78
S5VF01-20220630-6W,S5VF01,2022-06-30,6,1,S5,early,38
G01-20240221-6W,G01,2024-02-21,6,2,G,early,77
S2SA06-20220616-4W,S2SA06,2022-06-16,4,1,S2,early,12
D02-20240110-0W,D02,2024-01-10,0,2,D,early,14
S2SA03-20221110-25W,S2SA03,2022-11-10,25,1,S2,late,2
S4SAVF02-20220630-6W,S4SAVF02,2022-06-30,6,1,S4,early,29
D05-20240619-23W,D05,2024-06-19,23,2,D,late,77
D04-20240417-14W,D04,2024-04-17,14,2,D,mid,79
F04-20240902-33W,F04,2024-09-02,33,2,F,very_late,34
S1MI01-20220714-8W,S1MI01,2022-07-14,8,1,S1,mid,5
E05-20240207-4W,E05,2024-02-07,4,2,E,early,18
S4SAVF02-20220616-4W,S4SAVF02,2022-06-16,4,1,S4,early,27
S5VF02-20220802-10W,S5VF02,2022-08-02,10,1,S5,mid,36
F01-20240417-14W,F01,2024-04-17,14,2,F,mid,20
S1MI06-20220623-5W,S1MI06,2022-06-23,5,1,S1,early,13
S1MI07-20220616-4W,S1MI07,2022-06-16,4,1,S1,early,2
S5VF02-20220708-7W,S5VF02,2022-07-08,7,1,S5,mid,35
G06-20240529-20W,G06,2024-05-29,20,2,G,late,76
S5VF03-20221110-25W,S5VF03,2022-11-10,25,1,S5,late,33
S1MI04-20220721-9W,S1MI04,2022-07-21,9,1,S1,mid,1
E04-20240724-28W,E04,2024-07-24,28,2,E,very_late,35
S2SA01-20220630-6W,S2SA01,2022-06-30,6,1,S2,early,11
G02-20240710-26W,G02,2024-07-10,26,2,G,late,75
E04-20240124-2W,E04,2024-01-24,2,2,E,early,17
F02-20240724-28W,F02,2024-07-24,28,2,F,very_late,33
S1MI06-20220714-8W,S1MI06,2022-07-14,8,1,S1,mid,80
S4SAVF01-20221206-28W,S4SAVF01,2022-12-06,28,1,S4,very_late,31
D05-20240207-4W,D05,2024-02-07,4,2,D,early,78
S2SA03-20220906-15W,S2SA03,2022-09-06,15,1,S2,mid,10
S1MI07-20220906-15W,S1MI07,2022-09-06,15,1,S1,mid,78
D06-20240724-28W,D06,2024-07-24,28,2,D,very_late,32
E01-20240405-12W,E01,2024-04-05,12,2,E,mid,9
S4SAVF01-20220616-4W,S4SAVF01,2022-06-16,4,1,S4,early,26
D06-20240207-4W,D06,2024-02-07,4,2,D,early,74
S2SA03-20220616-4W,S2SA03,2022-06-16,4,1,S2,early,4
D05-20240918-36W,D05,2024-09-18,36,2,D,very_late,28
G06-20240508-17W,G06,2024-05-08,17,2,G,late,74
S2SA07-20220708-7W,S2SA07,2022-07-08,7,1,S2,mid,3
S4SAVF03-20220616-4W,S4SAVF03,2022-06-16,4,1,S4,early,25
S1MI04-20220708-7W,S1MI04,2022-07-08,7,1,S1,mid,72
S1MI04-20220802-10W,S1MI04,2022-08-02,10,1,S1,mid,71
D01-20240619-23W,D01,2024-06-19,23,2,D,late,73
G03-20240807-30W,G03,2024-08-07,30,2,G,very_late,30
D03-20240417-14W,D03,2024-04-17,14,2,D,mid,70
D03-20240405-12W,D03,2024-04-05,12,2,D,mid,68
E04-20240320-10W,E04,2024-03-20,10,2,E,mid,6
S3PA04-20220721-9W,S3PA04,2022-07-21,9,1,S3,mid,42
S2SA05-20221102-24W,S2SA05,2022-11-02,24,1,S2,late,69
G05-20240508-17W,G05,2024-05-08,17,2,G,late,72
E04-20240902-33W,E04,2024-09-02,33,2,E,very_late,29
S1MI07-20220623-5W,S1MI07,2022-06-23,5,1,S1,early,67
S1MI07-20221110-25W,S1MI07,2022-11-10,25,1,S1,late,66
E04-20240807-30W,E04,2024-08-07,30,2,E,very_late,79
S2SA01-20221102-24W,S2SA01,2022-11-02,24,1,S2,late,67
S2SA07-20221110-25W,S2SA07,2022-11-10,25,1,S2,late,65
F03-20240320-10W,F03,2024-03-20,10,2,F,mid,19
G02-20240522-19W,G02,2024-05-22,19,2,G,late,71
S1MI03-20220609-3W,S1MI03,2022-06-09,3,1,S1,early,65
D01-20240807-30W,D01,2024-08-07,30,2,D,very_late,72
S1MI05-20221206-28W,S1MI05,2022-12-06,28,1,S1,very_late,64
F03-20240306-8W,F03,2024-03-06,8,2,F,mid,8
G03-20240221-6W,G03,2024-02-21,6,2,G,early,73
G04-20240306-8W,G04,2024-03-06,8,2,G,mid,69
G01-20240417-14W,G01,2024-04-17,14,2,G,mid,64
S1MI04-20220518-0W,S1MI04,2022-05-18,0,1,S1,early,63
G05-20240710-26W,G05,2024-07-10,26,2,G,late,70
G04-20240918-36W,G04,2024-09-18,36,2,G,very_late,68
G01-20240626-24W,G01,2024-06-26,24,2,G,late,63
G01-20240110-0W,G01,2024-01-10,0,2,G,early,62
S5VF03-20220609-3W,S5VF03,2022-06-09,3,1,S5,early,28
D01-20240522-19W,D01,2024-05-22,19,2,D,late,64
F02-20240807-30W,F02,2024-08-07,30,2,F,very_late,7
D02-20240306-8W,D02,2024-03-06,8,2,D,mid,67
F01-20240320-10W,F01,2024-03-20,10,2,F,mid,77
S2SA01-20220708-7W,S2SA01,2022-07-08,7,1,S2,mid,76
S3PA03-20220822-13W,S3PA03,2022-08-22,13,1,S3,mid,41
S5VF02-20221206-28W,S5VF02,2022-12-06,28,1,S5,very_late,29
S1MI02-20220518-0W,S1MI02,2022-05-18,0,1,S1,early,59
S5VF02-20221110-25W,S5VF02,2022-11-10,25,1,S5,late,27
E06-20240320-10W,E06,2024-03-20,10,2,E,mid,75
F02-20240221-6W,F02,2024-02-21,6,2,F,early,80
D06-20240221-6W,D06,2024-02-21,6,2,D,early,66
S1MI02-20220623-5W,S1MI02,2022-06-23,5,1,S1,early,57
S1MI07-20220721-9W,S1MI07,2022-07-21,9,1,S1,mid,56
S1MI05-20220721-9W,S1MI05,2022-07-21,9,1,S1,mid,55
F04-20240724-28W,F04,2024-07-24,28,2,F,very_late,76
E05-20240306-8W,E05,2024-03-06,8,2,E,mid,74
S3PA02-20220721-9W,S3PA02,2022-07-21,9,1,S3,mid,40
G04-20240529-20W,G04,2024-05-29,20,2,G,late,60
E03-20240522-19W,E03,2024-05-22,19,2,E,late,68
D05-20240221-6W,D05,2024-02-21,6,2,D,early,61
S1MI01-20221110-25W,S1MI01,2022-11-10,25,1,S1,late,54
S3PA03-20220721-9W,S3PA03,2022-07-21,9,1,S3,mid,39
F04-20240417-14W,F04,2024-04-17,14,2,F,mid,73
D04-20240724-28W,D04,2024-07-24,28,2,D,very_late,63
S4SAVF03-20221206-28W,S4SAVF03,2022-12-06,28,1,S4,very_late,24
E05-20240508-17W,E05,2024-05-08,17,2,E,late,62
F04-20240124-2W,F04,2024-01-24,2,2,F,early,79
F02-20240207-4W,F02,2024-02-07,4,2,F,early,75
D05-20240902-33W,D05,2024-09-02,33,2,D,very_late,59
S3PA03-20220603-2W,S3PA03,2022-06-03,2,1,S3,early,37
E01-20240522-19W,E01,2024-05-22,19,2,E,late,61
E01-20240918-36W,E01,2024-09-18,36,2,E,very_late,78
S3PA01-20220822-13W,S3PA01,2022-08-22,13,1,S3,mid,38
F05-20240124-2W,F05,2024-01-24,2,2,F,early,72
F02-20240306-8W,F02,2024-03-06,8,2,F,mid,66
D01-20240110-0W,D01,2024-01-10,0,2,D,early,58
S5VF03-20220708-7W,S5VF03,2022-07-08,7,1,S5,mid,26
S2SA06-20221206-28W,S2SA06,2022-12-06,28,1,S2,very_late,75
S3PA04-20220630-6W,S3PA04,2022-06-30,6,1,S3,early,36
S1MI02-20220822-13W,S1MI02,2022-08-22,13,1,S1,mid,53
F04-20240508-17W,F04,2024-05-08,17,2,F,late,59
S2SA06-20220721-9W,S2SA06,2022-07-21,9,1,S2,mid,62
E01-20240508-17W,E01,2024-05-08,17,2,E,late,58
F01-20240626-24W,F01,2024-06-26,24,2,F,late,57
S5VF01-20220609-3W,S5VF01,2022-06-09,3,1,S5,early,24
G05-20240902-33W,G05,2024-09-02,33,2,G,very_late,58
G06-20240626-24W,G06,2024-06-26,24,2,G,late,56
F04-20240306-8W,F04,2024-03-06,8,2,F,mid,65
F06-20240626-24W,F06,2024-06-26,24,2,F,late,51
S2SA01-20220822-13W,S2SA01,2022-08-22,13,1,S2,mid,61
E03-20240110-0W,E03,2024-01-10,0,2,E,early,76
S3PA01-20221110-25W,S3PA01,2022-11-10,25,1,S3,late,35
S1MI05-20220714-8W,S1MI05,2022-07-14,8,1,S1,mid,52
S4SAVF02-20220603-2W,S4SAVF02,2022-06-03,2,1,S4,early,23
S2SA03-20221206-28W,S2SA03,2022-12-06,28,1,S2,very_late,74
G03-20240522-19W,G03,2024-05-22,19,2,G,late,55
F03-20240902-33W,F03,2024-09-02,33,2,F,very_late,71
S2SA05-20221110-25W,S2SA05,2022-11-10,25,1,S2,late,53
F06-20240124-2W,F06,2024-01-24,2,2,F,early,70
F06-20240306-8W,F06,2024-03-06,8,2,F,mid,60
S1MI01-20220906-15W,S1MI01,2022-09-06,15,1,S1,mid,51
D03-20240529-20W,D03,2024-05-29,20,2,D,late,52
G02-20240417-14W,G02,2024-04-17,14,2,G,mid,59
G03-20240619-23W,G03,2024-06-19,23,2,G,late,50
S1MI06-20221102-24W,S1MI06,2022-11-02,24,1,S1,late,48
F03-20240522-19W,F03,2024-05-22,19,2,F,late,47
E05-20240807-30W,E05,2024-08-07,30,2,E,very_late,77
S5VF03-20221206-28W,S5VF03,2022-12-06,28,1,S5,very_late,25
S3PA02-20220714-8W,S3PA02,2022-07-14,8,1,S3,mid,33
D06-20240918-36W,D06,2024-09-18,36,2,D,very_late,57
D04-20240320-10W,D04,2024-03-20,10,2,D,mid,54
S2SA04-20221110-25W,S2SA04,2022-11-10,25,1,S2,late,46
G06-20240918-36W,G06,2024-09-18,36,2,G,very_late,54
D06-20240529-20W,D06,2024-05-29,20,2,D,late,45
S3PA01-20220616-4W,S3PA01,2022-06-16,4,1,S3,early,34
S4SAVF01-20220721-9W,S4SAVF01,2022-07-21,9,1,S4,mid,18
S2SA03-20221102-24W,S2SA03,2022-11-02,24,1,S2,late,44
S1MI01-20221206-28W,S1MI01,2022-12-06,28,1,S1,very_late,50
E04-20240918-36W,E04,2024-09-18,36,2,E,very_late,70
F05-20240902-33W,F05,2024-09-02,33,2,F,very_late,69
S2SA01-20220721-9W,S2SA01,2022-07-21,9,1,S2,mid,58
S1MI04-20220609-3W,S1MI04,2022-06-09,3,1,S1,early,49
S5VF02-20220518-0W,S5VF02,2022-05-18,0,1,S5,early,22
E03-20240320-10W,E03,2024-03-20,10,2,E,mid,63
E01-20240902-33W,E01,2024-09-02,33,2,E,very_late,67
S2SA07-20220609-3W,S2SA07,2022-06-09,3,1,S2,early,64
S3PA04-20220609-3W,S3PA04,2022-06-09,3,1,S3,early,32
E05-20240320-10W,E05,2024-03-20,10,2,E,mid,57
S2SA01-20220518-0W,S2SA01,2022-05-18,0,1,S2,early,60
D03-20240724-28W,D03,2024-07-24,28,2,D,very_late,56
S3PA01-20221206-28W,S3PA01,2022-12-06,28,1,S3,very_late,31
S5VF03-20220623-5W,S5VF03,2022-06-23,5,1,S5,early,21
S1MI03-20220518-0W,S1MI03,2022-05-18,0,1,S1,early,47
F06-20240807-30W,F06,2024-08-07,30,2,F,very_late,62
G02-20240619-23W,G02,2024-06-19,23,2,G,late,43
S4SAVF02-20221206-28W,S4SAVF02,2022-12-06,28,1,S4,very_late,22
E02-20240902-33W,E02,2024-09-02,33,2,E,very_late,66
G03-20240529-20W,G03,2024-05-29,20,2,G,late,42
E02-20240807-30W,E02,2024-08-07,30,2,E,very_late,65
G05-20240221-6W,G05,2024-02-21,6,2,G,early,53
F03-20240619-23W,F03,2024-06-19,23,2,F,late,41
F06-20240724-28W,F06,2024-07-24,28,2,F,very_late,61
D02-20240124-2W,D02,2024-01-24,2,2,D,early,55
E04-20240529-20W,E04,2024-05-29,20,2,E,late,40
S4SAVF03-20220906-15W,S4SAVF03,2022-09-06,15,1,S4,mid,17
F06-20240405-12W,F06,2024-04-05,12,2,F,mid,49
G04-20240626-24W,G04,2024-06-26,24,2,G,late,39
S4SAVF03-20220630-6W,S4SAVF03,2022-06-30,6,1,S4,early,20
D01-20240626-24W,D01,2024-06-26,24,2,D,late,38
G05-20240619-23W,G05,2024-06-19,23,2,G,late,34
G05-20240626-24W,G05,2024-06-26,24,2,G,late,32
F05-20240918-36W,F05,2024-09-18,36,2,F,very_late,48
G02-20240626-24W,G02,2024-06-26,24,2,G,late,31
D02-20240417-14W,D02,2024-04-17,14,2,D,mid,50
S2SA04-20220906-15W,S2SA04,2022-09-06,15,1,S2,mid,48
E04-20240417-14W,E04,2024-04-17,14,2,E,mid,47
D03-20240207-4W,D03,2024-02-07,4,2,D,early,51
E04-20240710-26W,E04,2024-07-10,26,2,E,late,36
F02-20240619-23W,F02,2024-06-19,23,2,F,late,30
F05-20240529-20W,F05,2024-05-29,20,2,F,late,29
S3PA02-20220616-4W,S3PA02,2022-06-16,4,1,S3,early,30
G06-20240207-4W,G06,2024-02-07,4,2,G,early,52
S2SA01-20220714-8W,S2SA01,2022-07-14,8,1,S2,mid,37
F04-20240207-4W,F04,2024-02-07,4,2,F,early,68
S2SA06-20220623-5W,S2SA06,2022-06-23,5,1,S2,early,50
E03-20240529-20W,E03,2024-05-29,20,2,E,late,26
E02-20240110-0W,E02,2024-01-10,0,2,E,early,71
S1MI02-20220609-3W,S1MI02,2022-06-09,3,1,S1,early,46
S2SA03-20220518-0W,S2SA03,2022-05-18,0,1,S2,early,43
G01-20240918-36W,G01,2024-09-18,36,2,G,very_late,51
G06-20240902-33W,G06,2024-09-02,33,2,G,very_late,47
F04-20240918-36W,F04,2024-09-18,36,2,F,very_late,46
E01-20240320-10W,E01,2024-03-20,10,2,E,mid,46
S1MI04-20221110-25W,S1MI04,2022-11-10,25,1,S1,late,28
E04-20240619-23W,E04,2024-06-19,23,2,E,late,25
G02-20240918-36W,G02,2024-09-18,36,2,G,very_late,45
S5VF01-20220822-13W,S5VF01,2022-08-22,13,1,S5,mid,14
D04-20240221-6W,D04,2024-02-21,6,2,D,early,48
S2SA01-20220906-15W,S2SA01,2022-09-06,15,1,S2,mid,32
F01-20240405-12W,F01,2024-04-05,12,2,F,mid,45
F04-20240529-20W,F04,2024-05-29,20,2,F,late,13
D01-20240918-36W,D01,2024-09-18,36,2,D,very_late,53
E02-20240124-2W,E02,2024-01-24,2,2,E,early,69
F06-20240902-33W,F06,2024-09-02,33,2,F,very_late,44
F03-20240221-6W,F03,2024-02-21,6,2,F,early,56
S1MI07-20221102-24W,S1MI07,2022-11-02,24,1,S1,late,80
S1MI03-20220721-9W,S1MI03,2022-07-21,9,1,S1,mid,31
S2SA04-20221102-24W,S2SA04,2022-11-02,24,1,S2,late,73
S1MI03-20220708-7W,S1MI03,2022-07-08,7,1,S1,mid,30
S5VF01-20221110-25W,S5VF01,2022-11-10,25,1,S5,late,23
E05-20240529-20W,E05,2024-05-29,20,2,E,late,60
E01-20240417-14W,E01,2024-04-17,14,2,E,mid,12
S1MI06-20220630-6W,S1MI06,2022-06-30,6,1,S1,early,45
S4SAVF01-20220623-5W,S4SAVF01,2022-06-23,5,1,S4,early,19
S1MI05-20220609-3W,S1MI05,2022-06-09,3,1,S1,early,44
D06-20240306-8W,D06,2024-03-06,8,2,D,mid,27
E05-20240110-0W,E05,2024-01-10,0,2,E,early,54
F05-20240710-26W,F05,2024-07-10,26,2,F,late,58
S2SA07-20221206-28W,S2SA07,2022-12-06,28,1,S2,very_late,55
S2SA04-20220623-5W,S2SA04,2022-06-23,5,1,S2,early,42
S2SA02-20220630-6W,S2SA02,2022-06-30,6,1,S2,early,41
S2SA02-20220609-3W,S2SA02,2022-06-09,3,1,S2,early,40
S5VF03-20220802-10W,S5VF03,2022-08-02,10,1,S5,mid,11
S2SA01-20220603-2W,S2SA01,2022-06-03,2,1,S2,early,39
D01-20240320-10W,D01,2024-03-20,10,2,D,mid,25
S5VF03-20220518-0W,S5VF03,2022-05-18,0,1,S5,early,16
D03-20240522-19W,D03,2024-05-22,19,2,D,late,49
S4SAVF02-20220518-0W,S4SAVF02,2022-05-18,0,1,S4,early,15
E03-20240710-26W,E03,2024-07-10,26,2,E,late,56
S2SA05-20220623-5W,S2SA05,2022-06-23,5,1,S2,early,35
E04-20240522-19W,E04,2024-05-22,19,2,E,late,55
D01-20240902-33W,D01,2024-09-02,33,2,D,very_late,43
D03-20240626-24W,D03,2024-06-26,24,2,D,late,47
S5VF02-20220623-5W,S5VF02,2022-06-23,5,1,S5,early,10
S4SAVF02-20220802-10W,S4SAVF02,2022-08-02,10,1,S4,mid,7
D01-20240221-6W,D01,2024-02-21,6,2,D,early,33
S2SA07-20221102-24W,S2SA07,2022-11-02,24,1,S2,late,59
S5VF01-20220906-15W,S5VF01,2022-09-06,15,1,S5,mid,4
F06-20240529-20W,F06,2024-05-29,20,2,F,late,54
S1MI06-20220518-0W,S1MI06,2022-05-18,0,1,S1,early,9
S2SA02-20220708-7W,S2SA02,2022-07-08,7,1,S2,mid,28
S1MI04-20220616-4W,S1MI04,2022-06-16,4,1,S1,early,8
F04-20240710-26W,F04,2024-07-10,26,2,F,late,43
S1MI07-20220822-13W,S1MI07,2022-08-22,13,1,S1,mid,29
F01-20240522-19W,F01,2024-05-22,19,2,F,late,42
D02-20240508-17W,D02,2024-05-08,17,2,D,late,44
S2SA06-20221110-25W,S2SA06,2022-11-10,25,1,S2,late,57
S1MI01-20220630-6W,S1MI01,2022-06-30,6,1,S1,early,7
G03-20240306-8W,G03,2024-03-06,8,2,G,mid,2
F01-20240710-26W,F01,2024-07-10,26,2,F,late,40
D03-20240124-2W,D03,2024-01-24,2,2,D,early,31
S5VF01-20221206-28W,S5VF01,2022-12-06,28,1,S5,very_late,20
G03-20240724-28W,G03,2024-07-24,28,2,G,very_late,41
S1MI03-20220714-8W,S1MI03,2022-07-14,8,1,S1,mid,43
S5VF02-20220603-2W,S5VF02,2022-06-03,2,1,S5,early,6
S3PA03-20221102-24W,S3PA03,2022-11-02,24,1,S3,late,27
S2SA04-20220708-7W,S2SA04,2022-07-08,7,1,S2,mid,52
E05-20240724-28W,E05,2024-07-24,28,2,E,very_late,52
S3PA03-20220623-5W,S3PA03,2022-06-23,5,1,S3,early,5
S3PA03-20221110-25W,S3PA03,2022-11-10,25,1,S3,late,26
S1MI05-20220906-15W,S1MI05,2022-09-06,15,1,S1,mid,42
S5VF02-20220616-4W,S5VF02,2022-06-16,4,1,S5,early,3
S5VF02-20220906-15W,S5VF02,2022-09-06,15,1,S5,mid,19
S5VF02-20220609-3W,S5VF02,2022-06-09,3,1,S5,early,1
E04-20240110-0W,E04,2024-01-10,0,2,E,early,53
S2SA03-20220609-3W,S2SA03,2022-06-09,3,1,S2,early,51
E03-20240508-17W,E03,2024-05-08,17,2,E,late,50
S3PA02-20220518-0W,S3PA02,2022-05-18,0,1,S3,early,25
S2SA03-20220603-2W,S2SA03,2022-06-03,2,1,S2,early,49
S2SA05-20220906-15W,S2SA05,2022-09-06,15,1,S2,mid,47
E01-20240221-6W,E01,2024-02-21,6,2,E,early,45
F01-20240529-20W,F01,2024-05-29,20,2,F,late,39
S2SA02-20220714-8W,S2SA02,2022-07-14,8,1,S2,mid,38
D06-20240710-26W,D06,2024-07-10,26,2,D,late,41
G06-20240417-14W,G06,2024-04-17,14,2,G,mid,48
G06-20240320-10W,G06,2024-03-20,10,2,G,mid,46
E01-20240619-23W,E01,2024-06-19,23,2,E,late,38
D03-20240918-36W,D03,2024-09-18,36,2,D,very_late,42
E03-20240417-14W,E03,2024-04-17,14,2,E,mid,44
G05-20240417-14W,G05,2024-04-17,14,2,G,mid,40
S4SAVF03-20221110-25W,S4SAVF03,2022-11-10,25,1,S4,late,21
E06-20240522-19W,E06,2024-05-22,19,2,E,late,34
S3PA02-20221102-24W,S3PA02,2022-11-02,24,1,S3,late,24
S5VF03-20220714-8W,S5VF03,2022-07-14,8,1,S5,mid,18
D01-20240508-17W,D01,2024-05-08,17,2,D,late,37
S3PA01-20220609-3W,S3PA01,2022-06-09,3,1,S3,early,23
D03-20240110-0W,D03,2024-01-10,0,2,D,early,40
S1MI02-20220630-6W,S1MI02,2022-06-30,6,1,S1,early,41
F03-20240124-2W,F03,2024-01-24,2,2,F,early,38
F05-20240807-30W,F05,2024-08-07,30,2,F,very_late,37
S2SA05-20220630-6W,S2SA05,2022-06-30,6,1,S2,early,36
S2SA03-20220721-9W,S2SA03,2022-07-21,9,1,S2,mid,34
S2SA04-20220603-2W,S2SA04,2022-06-03,2,1,S2,early,33
F03-20240529-20W,F03,2024-05-29,20,2,F,late,36
F05-20240522-19W,F05,2024-05-22,19,2,F,late,32
G06-20240110-0W,G06,2024-01-10,0,2,G,early,44
E03-20240405-12W,E03,2024-04-05,12,2,E,mid,41
S2SA07-20220623-5W,S2SA07,2022-06-23,5,1,S2,early,31
S4SAVF01-20220609-3W,S4SAVF01,2022-06-09,3,1,S4,early,16
S2SA01-20221110-25W,S2SA01,2022-11-10,25,1,S2,late,30
S1MI04-20220906-15W,S1MI04,2022-09-06,15,1,S1,mid,39
E03-20240221-6W,E03,2024-02-21,6,2,E,early,43
E03-20240207-4W,E03,2024-02-07,4,2,E,early,42
S2SA04-20220609-3W,S2SA04,2022-06-09,3,1,S2,early,27
S4SAVF03-20220609-3W,S4SAVF03,2022-06-09,3,1,S4,early,14
S2SA05-20220518-0W,S2SA05,2022-05-18,0,1,S2,early,26
G02-20240405-12W,G02,2024-04-05,12,2,G,mid,37
S1MI03-20220603-2W,S1MI03,2022-06-03,2,1,S1,early,35
G01-20240124-2W,G01,2024-01-24,2,2,G,early,29
E05-20240405-12W,E05,2024-04-05,12,2,E,mid,32
E01-20240807-30W,E01,2024-08-07,30,2,E,very_late,39
S3PA03-20220616-4W,S3PA03,2022-06-16,4,1,S3,early,22
E02-20240918-36W,E02,2024-09-18,36,2,E,very_late,30
S5VF01-20220721-9W,S5VF01,2022-07-21,9,1,S5,mid,17
E05-20240918-36W,E05,2024-09-18,36,2,E,very_late,27
F04-20240522-19W,F04,2024-05-22,19,2,F,late,31
F05-20240320-10W,F05,2024-03-20,10,2,F,mid,28
G05-20240306-8W,G05,2024-03-06,8,2,G,mid,35
E01-20240724-28W,E01,2024-07-24,28,2,E,very_late,23
E05-20240221-6W,E05,2024-02-21,6,2,E,early,24
E06-20240306-8W,E06,2024-03-06,8,2,E,mid,22
S1MI01-20220708-7W,S1MI01,2022-07-08,7,1,S1,mid,36
F02-20240626-24W,F02,2024-06-26,24,2,F,late,25
G06-20240124-2W,G06,2024-01-24,2,2,G,early,28
S4SAVF01-20220603-2W,S4SAVF01,2022-06-03,2,1,S4,early,13
E02-20240221-6W,E02,2024-02-21,6,2,E,early,21
G05-20240405-12W,G05,2024-04-05,12,2,G,mid,33
S2SA07-20220518-0W,S2SA07,2022-05-18,0,1,S2,early,20
S2SA07-20220822-13W,S2SA07,2022-08-22,13,1,S2,mid,21
S4SAVF02-20220609-3W,S4SAVF02,2022-06-09,3,1,S4,early,12
F01-20240221-6W,F01,2024-02-21,6,2,F,early,19
S4SAVF02-20220623-5W,S4SAVF02,2022-06-23,5,1,S4,early,11
S2SA05-20220721-9W,S2SA05,2022-07-21,9,1,S2,mid,16
S4SAVF02-20220714-8W,S4SAVF02,2022-07-14,8,1,S4,mid,10
S2SA06-20220603-2W,S2SA06,2022-06-03,2,1,S2,early,18
G04-20240508-17W,G04,2024-05-08,17,2,G,late,19
S5VF02-20220630-6W,S5VF02,2022-06-30,6,1,S5,early,15
S1MI06-20220609-3W,S1MI06,2022-06-09,3,1,S1,early,34
F03-20240807-30W,F03,2024-08-07,30,2,F,very_late,26
S3PA01-20220906-15W,S3PA01,2022-09-06,15,1,S3,mid,20
S1MI01-20220802-10W,S1MI01,2022-08-02,10,1,S1,mid,14
S1MI05-20220623-5W,S1MI05,2022-06-23,5,1,S1,early,32
E01-20240306-8W,E01,2024-03-06,8,2,E,mid,15
F01-20240902-33W,F01,2024-09-02,33,2,F,very_late,18
S3PA04-20220616-4W,S3PA04,2022-06-16,4,1,S3,early,17
S2SA05-20220822-13W,S2SA05,2022-08-22,13,1,S2,mid,13
G03-20240710-26W,G03,2024-07-10,26,2,G,late,17
F01-20240918-36W,F01,2024-09-18,36,2,F,very_late,16
S2SA07-20220603-2W,S2SA07,2022-06-03,2,1,S2,early,10
F06-20240619-23W,F06,2024-06-19,23,2,F,late,15
G05-20240724-28W,G05,2024-07-24,28,2,G,very_late,13
S4SAVF01-20220714-8W,S4SAVF01,2022-07-14,8,1,S4,mid,9
G02-20240902-33W,G02,2024-09-02,33,2,G,very_late,14
F03-20240405-12W,F03,2024-04-05,12,2,F,mid,12
F04-20240626-24W,F04,2024-06-26,24,2,F,late,11
G03-20240902-33W,G03,2024-09-02,33,2,G,very_late,12
G04-20240405-12W,G04,2024-04-05,12,2,G,mid,11
F01-20240508-17W,F01,2024-05-08,17,2,F,late,10
S5VF01-20220623-5W,S5VF01,2022-06-23,5,1,S5,early,9
S3PA01-20220714-8W,S3PA01,2022-07-14,8,1,S3,mid,8
S1MI03-20220822-13W,S1MI03,2022-08-22,13,1,S1,mid,5
G02-20240320-10W,G02,2024-03-20,10,2,G,mid,7
S1MI05-20221110-25W,S1MI05,2022-11-10,25,1,S1,late,33
S5VF03-20220616-4W,S5VF03,2022-06-16,4,1,S5,early,8
S4SAVF03-20220518-0W,S4SAVF03,2022-05-18,0,1,S4,early,6
S4SAVF01-20221102-24W,S4SAVF01,2022-11-02,24,1,S4,late,8
S2SA06-20220714-8W,S2SA06,2022-07-14,8,1,S2,mid,6
S3PA03-20220630-6W,S3PA03,2022-06-30,6,1,S3,early,7
S3PA02-20221110-25W,S3PA02,2022-11-10,25,1,S3,late,9
S2SA02-20220623-5W,S2SA02,2022-06-23,5,1,S2,early,5
S2SA03-20220822-13W,S2SA03,2022-08-22,13,1,S2,mid,3
D05-20240710-26W,D05,2024-07-10,26,2,D,late,35
F02-20240508-17W,F02,2024-05-08,17,2,F,late,6
E03-20240807-30W,E03,2024-08-07,30,2,E,very_late,5
S1MI07-20220609-3W,S1MI07,2022-06-09,3,1,S1,early,3
D02-20240918-36W,D02,2024-09-18,36,2,D,very_late,4
S2SA01-20220616-4W,S2SA01,2022-06-16,4,1,S2,early,4
E04-20240508-17W,E04,2024-05-08,17,2,E,late,4
S3PA03-20220714-8W,S3PA03,2022-07-14,8,1,S3,mid,2
S3PA02-20221206-28W,S3PA02,2022-12-06,28,1,S3,very_late,3
S4SAVF03-20221102-24W,S4SAVF03,2022-11-02,24,1,S4,late,2
D06-20240320-10W,D06,2024-03-20,10,2,D,mid,1
S2SA02-20220906-15W,S2SA02,2022-09-06,15,1,S2,mid,80
F02-20240405-12W,F02,2024-04-05,12,2,F,mid,79
S2SA03-20220714-8W,S2SA03,2022-07-14,8,1,S2,mid,78
S1MI02-20221110-25W,S1MI02,2022-11-10,25,1,S1,late,1
S2SA02-20220603-2W,S2SA02,2022-06-03,2,1,S2,early,2
S3PA04-20220802-10W,S3PA04,2022-08-02,10,1,S3,mid,77
E06-20240508-17W,E06,2024-05-08,17,2,E,late,80
G04-20240724-28W,G04,2024-07-24,28,2,G,very_late,1
G05-20240124-2W,G05,2024-01-24,2,2,G,early,80
S3PA03-20220518-0W,S3PA03,2022-05-18,0,1,S3,early,79
F01-20240124-2W,F01,2024-01-24,2,2,F,early,78
D01-20240306-8W,D01,2024-03-06,8,2,D,mid,75
S3PA01-20220518-0W,S3PA01,2022-05-18,0,1,S3,early,76
S4SAVF01-20220708-7W,S4SAVF01,2022-07-08,7,1,S4,mid,76
S2SA06-20220518-0W,S2SA06,2022-05-18,0,1,S2,early,77
S2SA01-20220802-10W,S2SA01,2022-08-02,10,1,S2,mid,74
D06-20240508-17W,D06,2024-05-08,17,2,D,late,79
S2SA03-20220708-7W,S2SA03,2022-07-08,7,1,S2,mid,73
G05-20240529-20W,G05,2024-05-29,20,2,G,late,78
S1MI05-20220822-13W,S1MI05,2022-08-22,13,1,S1,mid,72
D03-20240619-23W,D03,2024-06-19,23,2,D,late,77
D02-20240724-28W,D02,2024-07-24,28,2,D,very_late,73
E06-20240207-4W,E06,2024-02-07,4,2,E,early,74
E02-20240508-17W,E02,2024-05-08,17,2,E,late,76
D02-20240522-19W,D02,2024-05-22,19,2,D,late,74
S3PA04-20220906-15W,S3PA04,2022-09-06,15,1,S3,mid,71
F01-20240724-28W,F01,2024-07-24,28,2,F,very_late,60
S1MI04-20221102-24W,S1MI04,2022-11-02,24,1,S1,late,75
G04-20240110-0W,G04,2024-01-10,0,2,G,early,75
F05-20240110-0W,F05,2024-01-10,0,2,F,early,73
G06-20240306-8W,G06,2024-03-06,8,2,G,mid,70
S3PA03-20220609-3W,S3PA03,2022-06-09,3,1,S3,early,72
G04-20240710-26W,G04,2024-07-10,26,2,G,late,72
S2SA04-20220822-13W,S2SA04,2022-08-22,13,1,S2,mid,69
S1MI05-20220708-7W,S1MI05,2022-07-08,7,1,S1,mid,68
E02-20240626-24W,E02,2024-06-26,24,2,E,late,70
D04-20240508-17W,D04,2024-05-08,17,2,D,late,71
S1MI03-20220802-10W,S1MI03,2022-08-02,10,1,S1,mid,67
S3PA01-20220630-6W,S3PA01,2022-06-30,6,1,S3,early,70
E02-20240207-4W,E02,2024-02-07,4,2,E,early,68
S5VF02-20220721-9W,S5VF02,2022-07-21,9,1,S5,mid,66
S1MI06-20221110-25W,S1MI06,2022-11-10,25,1,S1,late,69
D04-20240529-20W,D04,2024-05-29,20,2,D,late,68
D01-20240724-28W,D01,2024-07-24,28,2,D,very_late,49
E03-20240626-24W,E03,2024-06-26,24,2,E,late,67
D03-20240306-8W,D03,2024-03-06,8,2,D,mid,65
S1MI05-20220518-0W,S1MI05,2022-05-18,0,1,S1,early,71
G04-20240124-2W,G04,2024-01-24,2,2,G,early,67
E05-20240417-14W,E05,2024-04-17,14,2,E,mid,64
F01-20240110-0W,F01,2024-01-10,0,2,F,early,69
D03-20240902-33W,D03,2024-09-02,33,2,D,very_late,38
G01-20240710-26W,G01,2024-07-10,26,2,G,late,66
F05-20240417-14W,F05,2024-04-17,14,2,F,mid,62
S3PA04-20221206-28W,S3PA04,2022-12-06,28,1,S3,very_late,40
F02-20240918-36W,F02,2024-09-18,36,2,F,very_late,36
S1MI02-20221206-28W,S1MI02,2022-12-06,28,1,S1,very_late,35
S1MI02-20220721-9W,S1MI02,2022-07-21,9,1,S1,mid,63
S5VF03-20221102-24W,S5VF03,2022-11-02,24,1,S5,late,65
F03-20240918-36W,F03,2024-09-18,36,2,F,very_late,34
E06-20240221-6W,E06,2024-02-21,6,2,E,early,66
E03-20240918-36W,E03,2024-09-18,36,2,E,very_late,32
S2SA02-20220616-4W,S2SA02,2022-06-16,4,1,S2,early,65
G05-20240320-10W,G05,2024-03-20,10,2,G,mid,61
S4SAVF01-20220518-0W,S4SAVF01,2022-05-18,0,1,S4,early,64
S1MI03-20221206-28W,S1MI03,2022-12-06,28,1,S1,very_late,33
D06-20240807-30W,D06,2024-08-07,30,2,D,very_late,28
S2SA02-20221110-25W,S2SA02,2022-11-10,25,1,S2,late,64
G04-20240619-23W,G04,2024-06-19,23,2,G,late,63
D01-20240124-2W,D01,2024-01-24,2,2,D,early,63
S4SAVF03-20220714-8W,S4SAVF03,2022-07-14,8,1,S4,mid,60
S2SA02-20220802-10W,S2SA02,2022-08-02,10,1,S2,mid,59
D05-20240508-17W,D05,2024-05-08,17,2,D,late,62
E06-20240417-14W,E06,2024-04-17,14,2,E,mid,58
D02-20240902-33W,D02,2024-09-02,33,2,D,very_late,78
S1MI06-20220603-2W,S1MI06,2022-06-03,2,1,S1,early,62
G06-20240710-26W,G06,2024-07-10,26,2,G,late,53
S1MI02-20220714-8W,S1MI02,2022-07-14,8,1,S1,mid,56
G03-20240405-12W,G03,2024-04-05,12,2,G,mid,57
D06-20240124-2W,D06,2024-01-24,2,2,D,early,61
G01-20240807-30W,G01,2024-08-07,30,2,G,very_late,79
S2SA02-20221102-24W,S2SA02,2022-11-02,24,1,S2,late,61
G02-20240221-6W,G02,2024-02-21,6,2,G,early,60
F02-20240417-14W,F02,2024-04-17,14,2,F,mid,55
D01-20240710-26W,D01,2024-07-10,26,2,D,late,52
F06-20240522-19W,F06,2024-05-22,19,2,F,late,48
S2SA05-20220616-4W,S2SA05,2022-06-16,4,1,S2,early,58
G04-20240522-19W,G04,2024-05-22,19,2,G,late,51
F04-20240221-6W,F04,2024-02-21,6,2,F,early,57
E04-20240306-8W,E04,2024-03-06,8,2,E,mid,54
S5VF03-20220721-9W,S5VF03,2022-07-21,9,1,S5,mid,53
S3PA01-20220623-5W,S3PA01,2022-06-23,5,1,S3,early,59
S1MI04-20220714-8W,S1MI04,2022-07-14,8,1,S1,mid,51
S5VF02-20221102-24W,S5VF02,2022-11-02,24,1,S5,late,46
S1MI05-20221102-24W,S1MI05,2022-11-02,24,1,S1,late,45
F02-20240522-19W,F02,2024-05-22,19,2,F,late,29
S2SA02-20221206-28W,S2SA02,2022-12-06,28,1,S2,very_late,76
S2SA02-20220822-13W,S2SA02,2022-08-22,13,1,S2,mid,50
S3PA03-20221206-28W,S3PA03,2022-12-06,28,1,S3,very_late,75
E05-20240522-19W,E05,2024-05-22,19,2,E,late,73
S3PA04-20221102-24W,S3PA04,2022-11-02,24,1,S3,late,74
S1MI03-20221110-25W,S1MI03,2022-11-10,25,1,S1,late,40
S3PA03-20220802-10W,S3PA03,2022-08-02,10,1,S3,mid,49
S1MI06-20220616-4W,S1MI06,2022-06-16,4,1,S1,early,55
D04-20240306-8W,D04,2024-03-06,8,2,D,mid,45
S1MI03-20221102-24W,S1MI03,2022-11-02,24,1,S1,late,77
S2SA02-20220721-9W,S2SA02,2022-07-21,9,1,S2,mid,30
S5VF01-20220518-0W,S5VF01,2022-05-18,0,1,S5,early,56
F03-20240110-0W,F03,2024-01-10,0,2,F,early,54
D02-20240221-6W,D02,2024-02-21,6,2,D,early,48
F06-20240417-14W,F06,2024-04-17,14,2,F,mid,72
S1MI02-20221102-24W,S1MI02,2022-11-02,24,1,S1,late,70
E03-20240902-33W,E03,2024-09-02,33,2,E,very_late,71
F04-20240405-12W,F04,2024-04-05,12,2,F,mid,67
E05-20240619-23W,E05,2024-06-19,23,2,E,late,69
G04-20240417-14W,G04,2024-04-17,14,2,G,mid,65
G05-20240918-36W,G05,2024-09-18,36,2,G,very_late,68
S1MI04-20221206-28W,S1MI04,2022-12-06,28,1,S1,very_late,66
G02-20240124-2W,G02,2024-01-24,2,2,G,early,52
S5VF02-20220714-8W,S5VF02,2022-07-14,8,1,S5,mid,64
F06-20240207-4W,F06,2024-02-07,4,2,F,early,47
S3PA02-20220623-5W,S3PA02,2022-06-23,5,1,S3,early,50
E02-20240306-8W,E02,2024-03-06,8,2,E,mid,63
S3PA02-20220708-7W,S3PA02,2022-07-08,7,1,S3,mid,62
D06-20240522-19W,D06,2024-05-22,19,2,D,late,59
G03-20240626-24W,G03,2024-06-26,24,2,G,late,58
D05-20240807-30W,D05,2024-08-07,30,2,D,very_late,60
S1MI02-20220906-15W,S1MI02,2022-09-06,15,1,S1,mid,61
G01-20240405-12W,G01,2024-04-05,12,2,G,mid,56
E06-20240902-33W,E06,2024-09-02,33,2,E,very_late,57
S1MI03-20220623-5W,S1MI03,2022-06-23,5,1,S1,early,46
E01-20240710-26W,E01,2024-07-10,26,2,E,late,55
S2SA06-20220609-3W,S2SA06,2022-06-09,3,1,S2,early,39
D02-20240207-4W,D02,2024-02-07,4,2,D,early,37
S3PA04-20221110-25W,S3PA04,2022-11-10,25,1,S3,late,54
D04-20240918-36W,D04,2024-09-18,36,2,D,very_late,53
D06-20240902-33W,D06,2024-09-02,33,2,D,very_late,51
F04-20240110-0W,F04,2024-01-10,0,2,F,early,52
S1MI01-20220616-4W,S1MI01,2022-06-16,4,1,S1,early,49
D06-20240626-24W,D06,2024-06-26,24,2,D,late,50
